shot,id,steps,dur_s,e2e_s
1,01_morning_attic,4,5,61
2,02_lost_slippers,4,5,40
3,03_dusk_street,4,5,40
4,04_barefoot_snow,4,5,40
5,05_unsold_matches,4,5,40
6,06_rich_family,4,5,40
7,07_window_feast,4,5,40
8,08_no_home,4,5,40
9,09_first_strike,4,5,41
10,10_stove_vision,4,5,40
11,11_warm_hands,4,5,40
12,12_vision_dies,4,5,40
13,13_cold_returns,4,5,40
14,14_second_strike,4,5,40
15,15_goose_vision,4,5,40
16,16_goose_rises,4,5,40
17,17_almost_taste,4,5,40
18,18_dark_again,4,5,40
19,19_blizzard,4,5,40
20,20_last_matches,4,5,41
21,21_third_strike,4,5,40
22,22_tree_vision,4,5,40
23,23_ornaments,4,5,40
24,24_candles_rise,4,5,40
25,25_falling_star,4,5,41
26,26_grandmother_memory,4,5,40
27,27_bundle_decision,4,5,40
28,28_bundle_blaze,4,5,40
29,29_grandmother,4,5,40
30,30_embrace,4,5,40
31,31_ascent,4,5,40
32,32_among_stars,4,5,40
33,33_dawn_alley,4,5,40
34,34_dawn_smile,4,5,40
35,35_found_bells,4,5,40
36,36_new_year,4,5,40
